CaseMasterID,CrimeNo,CaseNo,CrimeRegisteredDate,PolicePersonID,PoliceStationID,CaseCategoryID,GravityOffenceID,CrimeMajorHeadID,CrimeMinorHeadID,CaseStatusID,CourtID,IncidentFromDate,IncidentToDate,InfoReceivedPSDate,latitude,longitude,BriefFacts
1,800010002202400001,202400001,2024-01-08,13,2,4,1,3,13,3,2,2024-01-05 06:10:00,2024-01-06 22:10:00,2024-01-08 18:10:00,12.095574,75.056325,Complainant reported an act of sexual assault by the accused.
2,100220161202500001,202500001,2025-09-20,1751,161,1,3,5,21,5,43,2025-09-19 08:15:00,2025-09-19 08:15:00,2025-09-20 03:15:00,12.201026,75.866619,Complainant reported an online fraud resulting in financial loss.
3,400060038202200001,202200001,2022-05-12,411,38,3,3,3,12,2,12,2022-05-11 14:29:00,2022-05-11 15:29:00,2022-05-12 07:29:00,17.76985,74.615405,Complainant reported harassment related to dowry demands.
4,300240187202600001,202600001,2026-01-16,2075,187,2,2,1,4,5,48,2026-01-12 22:03:00,2026-01-14 22:03:00,2026-01-16 17:03:00,14.855501,77.545145,Complainant reported being physically assaulted by the accused.
5,100160122202600001,202600001,2026-06-08,1340,122,1,2,1,3,3,31,2026-06-04 22:12:00,2026-06-06 18:12:00,2026-06-06 19:12:00,12.460424,76.922863,Complainant reported a physical assault resulting in serious injury.
6,300150112202200001,202200001,2022-12-04,1237,112,2,1,1,5,6,29,2022-11-30 05:38:00,2022-11-30 10:38:00,2022-12-02 15:38:00,17.607531,77.186045,Complainant reported that the victim was forcibly taken away by the accused.
7,100310239202500001,202500001,2025-10-17,2663,239,1,1,4,17,3,62,2025-10-13 11:53:00,2025-10-14 13:53:00,2025-10-16 15:53:00,18.087518,78.046558,Complainant reported a disturbance affecting public order in the area.
8,800210158202500001,202500001,2025-03-12,1724,158,4,1,2,7,2,41,2025-03-10 13:56:00,2025-03-10 20:56:00,2025-03-11 07:56:00,18.186871,75.250769,Complainant reported that the premises were broken into and valuables removed.
9,400240186202300001,202300001,2023-04-28,2057,186,3,2,1,2,5,47,2023-04-26 07:16:00,2023-04-26 19:16:00,2023-04-26 23:16:00,13.238022,74.454085,Complainant alleges the accused attacked the victim with intent to kill.
10,100090064202300001,202300001,2023-02-12,694,64,1,1,3,14,3,18,2023-02-10 05:21:00,2023-02-10 23:21:00,2023-02-12 22:21:00,15.241308,78.187164,Complainant reported being repeatedly followed and harassed by the accused.
11,300090066202400001,202400001,2024-06-14,723,66,2,2,2,6,1,17,2024-06-11 09:13:00,2024-06-13 06:13:00,2024-06-13 13:13:00,15.452684,75.090048,Complainant reported the theft of personal property from the premises.
12,800270211202500001,202500001,2025-07-26,2334,211,4,1,4,15,5,54,2025-07-24 21:20:00,2025-07-25 23:20:00,2025-07-26 23:20:00,14.782608,74.601638,Complainant reported a violent disturbance involving a group at the location.
13,300040028202300001,202300001,2023-07-26,307,28,2,3,5,19,1,8,2023-07-23 16:51:00,2023-07-25 08:51:00,2023-07-25 19:51:00,18.355491,78.187949,Complainant reported the use of forged documents by the accused.
14,300290227202200001,202200001,2022-09-20,2522,227,2,2,2,8,4,57,2022-09-17 11:02:00,2022-09-18 17:02:00,2022-09-20 19:02:00,17.770306,76.580522,Complainant reported being robbed of belongings by the accused.
15,800220169202400001,202400001,2024-10-03,1843,169,4,2,5,21,6,43,2024-09-30 08:49:00,2024-10-01 09:49:00,2024-10-03 22:49:00,13.805321,77.491882,Complainant reported an online fraud resulting in financial loss.
16,300130096202500001,202500001,2025-05-10,1061,96,2,3,3,12,1,26,2025-05-05 20:50:00,2025-05-07 18:50:00,2025-05-10 07:50:00,12.05335,77.014894,Complainant reported harassment related to dowry demands.
17,400030021202400001,202400001,2024-02-10,231,21,3,2,1,3,6,5,2024-02-06 02:36:00,2024-02-07 21:36:00,2024-02-09 16:36:00,14.512203,74.176081,Complainant reported a physical assault resulting in serious injury.
18,300030021202500001,202500001,2025-11-20,225,21,2,1,5,19,6,5,2025-11-14 12:29:00,2025-11-15 22:29:00,2025-11-18 22:29:00,14.686542,74.263511,Complainant reported the use of forged documents by the accused.
19,100290228202400001,202400001,2024-04-09,2531,228,1,2,5,21,3,57,2024-04-06 00:32:00,2024-04-07 19:32:00,2024-04-09 13:32:00,13.185589,74.751293,Complainant reported an online fraud resulting in financial loss.
20,300120089202500001,202500001,2025-05-24,976,89,2,3,1,2,6,24,2025-05-20 18:27:00,2025-05-22 09:27:00,2025-05-23 08:27:00,14.60138,74.594595,Complainant alleges the accused attacked the victim with intent to kill.
21,400280222202500001,202500001,2025-05-11,2471,222,3,2,2,10,6,56,2025-05-07 09:21:00,2025-05-09 09:21:00,2025-05-10 18:21:00,16.668237,75.483262,Complainant reported intentional damage to property by the accused.
22,100220169202200001,202200001,2022-10-21,1849,169,1,1,2,8,1,44,2022-10-20 14:08:00,2022-10-20 17:08:00,2022-10-21 15:08:00,17.450865,77.527577,Complainant reported being robbed of belongings by the accused.
23,300050035202500001,202500001,2025-06-26,389,35,2,1,1,4,6,9,2025-06-20 12:55:00,2025-06-21 10:55:00,2025-06-24 05:55:00,15.645358,74.956416,Complainant reported being physically assaulted by the accused.
24,100070046202500001,202500001,2025-06-03,493,46,1,1,2,8,3,13,2025-05-30 05:16:00,2025-05-31 07:16:00,2025-06-01 09:16:00,12.332914,75.45566,Complainant reported being robbed of belongings by the accused.
25,400150112202300001,202300001,2023-06-17,1232,112,3,1,2,7,3,30,2023-06-13 01:09:00,2023-06-13 15:09:00,2023-06-16 11:09:00,18.041294,74.835163,Complainant reported that the premises were broken into and valuables removed.
26,400050036202300001,202300001,2023-05-24,401,36,3,3,2,8,1,10,2023-05-23 20:23:00,2023-05-24 09:23:00,2023-05-24 16:23:00,18.002622,74.878687,Complainant reported being robbed of belongings by the accused.
27,100050032202400001,202400001,2024-12-08,341,32,1,3,4,15,4,10,2024-12-04 17:29:00,2024-12-06 15:29:00,2024-12-07 04:29:00,15.966913,77.209427,Complainant reported a violent disturbance involving a group at the location.
28,300240184202600001,202600001,2026-01-20,2021,184,2,1,5,21,4,48,2026-01-20 05:06:00,2026-01-20 13:06:00,2026-01-20 23:06:00,18.25942,74.636516,Complainant reported an online fraud resulting in financial loss.
29,300250192202500001,202500001,2025-05-15,2122,192,2,1,2,6,4,49,2025-05-11 07:14:00,2025-05-12 18:14:00,2025-05-15 04:14:00,12.712138,75.723225,Complainant reported the theft of personal property from the premises.
30,800110078202300001,202300001,2023-07-26,860,78,4,3,2,9,6,22,2023-07-23 13:40:00,2023-07-25 07:40:00,2023-07-26 09:40:00,18.043875,76.789797,Complainant reported that a vehicle was stolen from the parking area.
31,100050034202200001,202200001,2022-03-22,371,34,1,2,3,11,2,9,2022-03-19 18:20:00,2022-03-20 14:20:00,2022-03-22 17:20:00,14.564063,76.184726,Complainant reported repeated harassment and abuse within the household.
32,300080052202200001,202200001,2022-07-14,560,52,2,1,1,5,2,15,2022-07-10 23:18:00,2022-07-12 07:18:00,2022-07-12 21:18:00,14.132928,74.791442,Complainant reported that the victim was forcibly taken away by the accused.
33,800240188202600001,202600001,2026-04-27,2085,188,4,3,2,10,1,48,2026-04-22 23:08:00,2026-04-23 12:08:00,2026-04-25 01:08:00,12.82599,76.847318,Complainant reported intentional damage to property by the accused.
34,800190140202600001,202600001,2026-06-07,1527,140,4,2,1,5,5,38,2026-06-02 19:17:00,2026-06-04 07:17:00,2026-06-07 02:17:00,16.031476,76.411593,Complainant reported that the victim was forcibly taken away by the accused.
35,800010007202600001,202600001,2026-06-11,77,7,4,1,5,20,6,1,2026-06-06 01:03:00,2026-06-07 05:03:00,2026-06-09 07:03:00,16.343044,74.838063,Complainant reported misappropriation of entrusted property.
36,300010003202600001,202600001,2026-02-15,22,3,2,1,2,7,6,1,2026-02-09 03:43:00,2026-02-10 13:43:00,2026-02-13 06:43:00,18.201552,75.671974,Complainant reported that the premises were broken into and valuables removed.
37,800150114202300001,202300001,2023-10-09,1252,114,4,3,5,19,6,30,2023-10-05 22:19:00,2023-10-06 20:19:00,2023-10-09 11:19:00,16.594085,74.174863,Complainant reported the use of forged documents by the accused.
38,400220168202600001,202600001,2026-02-22,1834,168,3,2,3,13,1,44,2026-02-19 19:51:00,2026-02-21 03:51:00,2026-02-22 17:51:00,14.394484,75.191393,Complainant reported an act of sexual assault by the accused.
39,100250194202600001,202600001,2026-05-27,2141,194,1,2,3,11,3,49,2026-05-22 07:39:00,2026-05-23 21:39:00,2026-05-26 09:39:00,17.267171,77.445808,Complainant reported repeated harassment and abuse within the household.
40,100060041202400001,202400001,2024-12-21,448,41,1,1,5,21,4,11,2024-12-18 03:03:00,2024-12-18 17:03:00,2024-12-20 03:03:00,13.660509,78.46018,Complainant reported an online fraud resulting in financial loss.
41,100210159202500001,202500001,2025-07-22,1735,159,1,2,2,9,3,42,2025-07-19 09:34:00,2025-07-20 03:34:00,2025-07-21 20:34:00,15.661557,76.80352,Complainant reported that a vehicle was stolen from the parking area.
42,800080052202600001,202600001,2026-06-19,569,52,4,2,2,6,3,16,2026-06-14 17:46:00,2026-06-15 08:46:00,2026-06-17 04:46:00,13.782698,77.13798,Complainant reported the theft of personal property from the premises.
43,400210155202400001,202400001,2024-03-03,1688,155,3,3,4,15,6,41,2024-02-27 14:07:00,2024-02-28 12:07:00,2024-03-01 02:07:00,17.079288,76.669842,Complainant reported a violent disturbance involving a group at the location.
44,100270215202500001,202500001,2025-12-24,2390,215,1,1,3,11,1,54,2025-12-21 09:26:00,2025-12-22 05:26:00,2025-12-23 08:26:00,16.556782,76.271839,Complainant reported repeated harassment and abuse within the household.
45,400230172202200001,202200001,2022-10-03,1866,172,3,1,4,16,5,45,2022-09-30 07:53:00,2022-10-02 02:53:00,2022-10-03 21:53:00,12.247358,74.48243,Complainant reported an unauthorized gathering causing disturbance.
46,100190142202500001,202500001,2025-03-25,1560,142,1,1,2,9,4,38,2025-03-23 16:25:00,2025-03-25 01:25:00,2025-03-25 14:25:00,12.839131,75.07937,Complainant reported that a vehicle was stolen from the parking area.
47,800210159202300001,202300001,2023-03-07,1736,159,4,3,1,1,3,41,2023-03-06 21:25:00,2023-03-06 22:25:00,2023-03-07 13:25:00,15.514578,77.642692,Complainant reported the death of the victim under suspicious circumstances at the scene.
48,300130096202200001,202200001,2022-11-20,1051,96,2,1,5,20,6,26,2022-11-17 10:34:00,2022-11-18 06:34:00,2022-11-20 13:34:00,14.093683,78.400319,Complainant reported misappropriation of entrusted property.
49,100270215202400001,202400001,2024-11-24,2387,215,1,3,5,20,4,53,2024-11-20 06:21:00,2024-11-21 16:21:00,2024-11-23 06:21:00,17.232001,74.292842,Complainant reported misappropriation of entrusted property.
50,300280222202600001,202600001,2026-05-14,2461,222,2,3,4,17,3,55,2026-05-11 14:48:00,2026-05-12 07:48:00,2026-05-13 23:48:00,12.360824,77.281103,Complainant reported a disturbance affecting public order in the area.
51,300240187202500001,202500001,2025-08-20,2077,187,2,2,2,7,3,47,2025-08-19 00:53:00,2025-08-19 16:53:00,2025-08-20 04:53:00,16.478729,76.822693,Complainant reported that the premises were broken into and valuables removed.
52,100120091202200001,202200001,2022-02-01,1008,91,1,2,2,9,1,23,2022-01-29 22:44:00,2022-01-31 05:44:00,2022-02-01 15:44:00,15.442178,74.818025,Complainant reported that a vehicle was stolen from the parking area.
53,300090066202600001,202600001,2026-06-12,725,66,2,1,3,14,1,17,2026-06-09 01:02:00,2026-06-09 13:02:00,2026-06-11 04:02:00,15.175715,74.546475,Complainant reported being repeatedly followed and harassed by the accused.
54,400010007202500001,202500001,2025-05-06,76,7,3,1,1,1,1,2,2025-05-05 04:21:00,2025-05-06 16:21:00,2025-05-06 17:21:00,17.030004,75.072845,Complainant reported the death of the victim under suspicious circumstances at the scene.
55,100160119202400001,202400001,2024-06-06,1314,119,1,1,4,16,4,31,2024-06-05 07:26:00,2024-06-05 10:26:00,2024-06-06 04:26:00,16.765119,75.419111,Complainant reported an unauthorized gathering causing disturbance.
56,100090063202200001,202200001,2022-02-28,682,63,1,1,3,13,2,18,2022-02-24 18:42:00,2022-02-25 01:42:00,2022-02-26 17:42:00,15.553807,77.887171,Complainant reported an act of sexual assault by the accused.
57,800030020202300001,202300001,2023-02-14,219,20,4,3,2,10,5,5,2023-02-13 13:19:00,2023-02-13 15:19:00,2023-02-13 21:19:00,15.484708,77.367448,Complainant reported intentional damage to property by the accused.
58,100240189202300001,202300001,2023-04-24,2097,189,1,2,3,12,1,47,2023-04-22 00:03:00,2023-04-22 01:03:00,2023-04-22 03:03:00,15.129181,75.219001,Complainant reported harassment related to dowry demands.
59,100220169202400001,202400001,2024-06-06,1850,169,1,1,3,13,5,44,2024-06-02 17:53:00,2024-06-02 22:53:00,2024-06-05 20:53:00,14.864197,75.261059,Complainant reported an act of sexual assault by the accused.
60,300110081202400001,202400001,2024-12-09,888,81,2,1,1,1,6,22,2024-12-06 00:04:00,2024-12-06 23:04:00,2024-12-08 01:04:00,16.785946,75.349803,Complainant reported the death of the victim under suspicious circumstances at the scene.
61,100010004202200001,202200001,2022-09-14,42,4,1,2,4,17,5,1,2022-09-12 08:44:00,2022-09-13 04:44:00,2022-09-13 21:44:00,13.14633,78.207342,Complainant reported a disturbance affecting public order in the area.
62,100170128202300001,202300001,2023-04-17,1416,128,1,3,1,3,6,33,2023-04-13 04:36:00,2023-04-15 03:36:00,2023-04-17 09:36:00,13.985763,74.662921,Complainant reported a physical assault resulting in serious injury.
63,100100074202400001,202400001,2024-09-17,813,74,1,1,3,11,1,19,2024-09-12 23:47:00,2024-09-14 15:47:00,2024-09-15 17:47:00,13.702068,77.904049,Complainant reported repeated harassment and abuse within the household.
64,800090061202400001,202400001,2024-11-19,661,61,4,2,5,18,5,18,2024-11-15 09:30:00,2024-11-16 14:30:00,2024-11-17 00:30:00,12.685577,74.370403,Complainant reported being deceived into a financial loss by the accused.
65,300030020202600001,202600001,2026-02-09,211,20,2,3,5,18,1,6,2026-02-07 14:15:00,2026-02-07 14:15:00,2026-02-09 20:15:00,13.685716,75.618134,Complainant reported being deceived into a financial loss by the accused.
66,100090061202200001,202200001,2022-06-13,654,61,1,3,1,4,4,17,2022-06-09 19:47:00,2022-06-11 04:47:00,2022-06-13 10:47:00,17.20181,75.178729,Complainant reported being physically assaulted by the accused.
67,100250199202400001,202400001,2024-12-21,2213,199,1,2,5,21,2,49,2024-12-16 22:39:00,2024-12-18 22:39:00,2024-12-19 04:39:00,15.049822,74.54335,Complainant reported an online fraud resulting in financial loss.
68,400220170202600001,202600001,2026-02-22,1863,170,3,2,4,16,1,44,2026-02-20 15:21:00,2026-02-21 05:21:00,2026-02-21 10:21:00,17.572485,76.618462,Complainant reported an unauthorized gathering causing disturbance.
69,800130098202500001,202500001,2025-01-14,1081,98,4,2,2,9,6,26,2025-01-11 12:51:00,2025-01-12 16:51:00,2025-01-14 13:51:00,14.571128,77.205421,Complainant reported that a vehicle was stolen from the parking area.
70,300060040202600001,202600001,2026-03-17,439,40,2,1,5,19,3,11,2026-03-16 16:04:00,2026-03-17 06:04:00,2026-03-17 09:04:00,13.649709,74.582116,Complainant reported the use of forged documents by the accused.
71,100200150202200001,202200001,2022-03-06,1632,150,1,1,1,3,3,40,2022-03-02 08:58:00,2022-03-03 15:58:00,2022-03-05 20:58:00,16.82721,74.799606,Complainant reported a physical assault resulting in serious injury.
72,300090064202500001,202500001,2025-02-24,695,64,2,2,1,2,1,18,2025-02-22 00:29:00,2025-02-22 13:29:00,2025-02-22 20:29:00,14.754148,75.727442,Complainant alleges the accused attacked the victim with intent to kill.
73,800170129202200001,202200001,2022-08-19,1419,129,4,2,3,14,2,34,2022-08-17 20:57:00,2022-08-18 20:57:00,2022-08-19 22:57:00,14.851997,74.40419,Complainant reported being repeatedly followed and harassed by the accused.
74,300090061202500001,202500001,2025-02-16,657,61,2,1,4,16,5,17,2025-02-12 10:38:00,2025-02-13 14:38:00,2025-02-15 20:38:00,16.880279,75.514218,Complainant reported an unauthorized gathering causing disturbance.
75,100210155202500001,202500001,2025-08-10,1690,155,1,2,1,3,3,41,2025-08-07 19:07:00,2025-08-09 02:07:00,2025-08-09 15:07:00,12.717795,77.60747,Complainant reported a physical assault resulting in serious injury.
76,800260202202200001,202200001,2022-01-18,2241,202,4,2,1,2,6,51,2022-01-17 09:37:00,2022-01-17 21:37:00,2022-01-18 23:37:00,14.410228,76.164771,Complainant alleges the accused attacked the victim with intent to kill.
77,800080052202300001,202300001,2023-10-24,566,52,4,3,2,6,1,15,2023-10-21 03:52:00,2023-10-22 03:52:00,2023-10-23 07:52:00,16.035078,75.443093,Complainant reported the theft of personal property from the premises.
78,400060039202400001,202400001,2024-05-13,425,39,3,3,2,8,1,12,2024-05-12 17:36:00,2024-05-12 19:36:00,2024-05-13 23:36:00,17.711515,75.668232,Complainant reported being robbed of belongings by the accused.
79,300260206202400001,202400001,2024-05-09,2295,206,2,1,2,8,2,51,2024-05-06 12:58:00,2024-05-06 22:58:00,2024-05-09 04:58:00,11.649249,76.518316,Complainant reported being robbed of belongings by the accused.
80,100190141202500001,202500001,2025-08-19,1552,141,1,1,5,19,2,38,2025-08-17 02:44:00,2025-08-17 16:44:00,2025-08-18 04:44:00,14.132164,77.351462,Complainant reported the use of forged documents by the accused.
81,400280220202300001,202300001,2023-02-23,2441,220,3,2,1,4,2,55,2023-02-21 18:40:00,2023-02-22 00:40:00,2023-02-23 14:40:00,16.130095,74.322162,Complainant reported being physically assaulted by the accused.
82,300120085202600001,202600001,2026-06-23,931,85,2,2,3,11,6,23,2026-06-20 09:27:00,2026-06-21 02:27:00,2026-06-21 09:27:00,13.868096,76.365553,Complainant reported repeated harassment and abuse within the household.
83,800210157202300001,202300001,2023-10-29,1709,157,4,3,2,6,4,42,2023-10-29 08:56:00,2023-10-29 19:56:00,2023-10-29 20:56:00,17.387355,74.862872,Complainant reported the theft of personal property from the premises.
84,300030021202300001,202300001,2023-03-26,224,21,2,3,5,18,2,6,2023-03-24 09:53:00,2023-03-25 14:53:00,2023-03-26 01:53:00,18.057536,75.099868,Complainant reported being deceived into a financial loss by the accused.
85,300150116202500001,202500001,2025-03-04,1287,116,2,1,1,4,2,29,2025-02-28 00:41:00,2025-03-01 15:41:00,2025-03-03 00:41:00,16.445349,78.442489,Complainant reported being physically assaulted by the accused.
86,400260202202500001,202500001,2025-01-15,2244,202,3,3,1,4,5,52,2025-01-11 02:53:00,2025-01-12 09:53:00,2025-01-15 09:53:00,12.772562,77.237999,Complainant reported being physically assaulted by the accused.
87,800120087202400001,202400001,2024-12-22,956,87,4,3,5,18,1,23,2024-12-18 14:11:00,2024-12-19 02:11:00,2024-12-21 20:11:00,16.590807,75.297992,Complainant reported being deceived into a financial loss by the accused.
88,800090062202500001,202500001,2025-12-03,670,62,4,1,3,13,5,17,2025-11-30 11:56:00,2025-12-01 13:56:00,2025-12-02 21:56:00,17.373742,74.691181,Complainant reported an act of sexual assault by the accused.
89,100230179202500001,202500001,2025-08-11,1976,179,1,1,2,10,3,46,2025-08-08 01:21:00,2025-08-08 03:21:00,2025-08-09 08:21:00,13.286255,75.301541,Complainant reported intentional damage to property by the accused.
90,400150114202600001,202600001,2026-01-17,1265,114,3,3,2,7,3,30,2026-01-12 12:30:00,2026-01-14 12:30:00,2026-01-15 14:30:00,14.420028,75.47106,Complainant reported that the premises were broken into and valuables removed.
91,100010009202500001,202500001,2025-03-06,98,9,1,3,5,19,2,1,2025-03-03 17:09:00,2025-03-04 19:09:00,2025-03-06 12:09:00,16.853782,75.150212,Complainant reported the use of forged documents by the accused.
92,400150111202400001,202400001,2024-05-03,1220,111,3,3,5,20,2,30,2024-04-28 17:58:00,2024-04-30 01:58:00,2024-05-01 12:58:00,16.947178,77.752754,Complainant reported misappropriation of entrusted property.
93,800040028202500001,202500001,2025-01-29,308,28,4,2,5,21,1,7,2025-01-25 06:01:00,2025-01-26 14:01:00,2025-01-29 11:01:00,15.119553,78.142144,Complainant reported an online fraud resulting in financial loss.
94,300300234202300001,202300001,2023-01-10,2610,234,2,2,4,16,4,59,2023-01-08 17:02:00,2023-01-10 02:02:00,2023-01-10 19:02:00,13.232733,74.640211,Complainant reported an unauthorized gathering causing disturbance.
95,300010011202200001,202200001,2022-04-09,125,11,2,2,4,15,2,1,2022-04-04 17:58:00,2022-04-05 10:58:00,2022-04-08 10:58:00,14.35447,77.773631,Complainant reported a violent disturbance involving a group at the location.
96,800080058202300001,202300001,2023-05-03,631,58,4,1,3,14,2,16,2023-04-29 13:02:00,2023-04-30 13:02:00,2023-05-02 16:02:00,15.709369,76.912182,Complainant reported being repeatedly followed and harassed by the accused.
97,300200147202500001,202500001,2025-07-29,1601,147,2,3,3,11,6,39,2025-07-24 17:32:00,2025-07-25 22:32:00,2025-07-28 13:32:00,15.754222,75.77476,Complainant reported repeated harassment and abuse within the household.
98,400300237202200001,202200001,2022-05-28,2644,237,3,3,5,21,2,59,2022-05-26 23:59:00,2022-05-28 11:59:00,2022-05-28 20:59:00,13.643529,74.175072,Complainant reported an online fraud resulting in financial loss.
99,400140106202300001,202300001,2023-10-22,1188,106,3,3,5,18,4,27,2023-10-19 17:58:00,2023-10-19 19:58:00,2023-10-21 18:58:00,15.230847,78.05706,Complainant reported being deceived into a financial loss by the accused.
100,400030021202600001,202600001,2026-01-23,221,21,3,3,5,20,5,5,2026-01-19 18:12:00,2026-01-21 03:12:00,2026-01-23 16:12:00,13.027777,74.281417,Complainant reported misappropriation of entrusted property.
101,100160118202300001,202300001,2023-10-06,1303,118,1,3,4,16,2,32,2023-10-03 18:22:00,2023-10-03 23:22:00,2023-10-05 09:22:00,14.207981,78.472202,Complainant reported an unauthorized gathering causing disturbance.
102,300010005202300001,202300001,2023-10-30,56,5,2,3,1,3,1,1,2023-10-29 12:25:00,2023-10-29 22:25:00,2023-10-30 03:25:00,15.093442,78.219023,Complainant reported a physical assault resulting in serious injury.
103,100020017202200001,202200001,2022-10-08,189,17,1,3,5,20,5,3,2022-10-04 23:52:00,2022-10-06 19:52:00,2022-10-08 07:52:00,12.136253,74.998615,Complainant reported misappropriation of entrusted property.
104,800050035202200001,202200001,2022-11-18,384,35,4,2,1,3,4,9,2022-11-13 18:21:00,2022-11-15 16:21:00,2022-11-16 23:21:00,13.451635,78.043797,Complainant reported a physical assault resulting in serious injury.
105,800130095202500001,202500001,2025-05-05,1044,95,4,1,2,8,4,25,2025-05-03 13:53:00,2025-05-03 13:53:00,2025-05-05 12:53:00,12.479007,76.489058,Complainant reported being robbed of belongings by the accused.
106,100130095202500001,202500001,2025-06-05,1039,95,1,2,1,5,3,26,2025-06-01 21:20:00,2025-06-02 13:20:00,2025-06-03 23:20:00,15.615644,74.71678,Complainant reported that the victim was forcibly taken away by the accused.
107,800100075202300001,202300001,2023-07-03,833,75,4,1,3,13,2,19,2023-06-30 02:23:00,2023-07-01 10:23:00,2023-07-03 08:23:00,12.082843,78.397018,Complainant reported an act of sexual assault by the accused.
108,800120087202500001,202500001,2025-03-10,951,87,4,1,5,19,3,24,2025-03-05 18:59:00,2025-03-07 17:59:00,2025-03-08 03:59:00,17.94036,76.967513,Complainant reported the use of forged documents by the accused.
109,300280221202600001,202600001,2026-02-21,2452,221,2,3,1,1,1,56,2026-02-17 05:01:00,2026-02-18 19:01:00,2026-02-20 17:01:00,14.924309,75.076562,Complainant reported the death of the victim under suspicious circumstances at the scene.
110,100080058202300001,202300001,2023-01-13,631,58,1,1,1,5,6,15,2023-01-12 18:06:00,2023-01-13 10:06:00,2023-01-13 10:06:00,14.478303,74.950045,Complainant reported that the victim was forcibly taken away by the accused.
111,400040025202300001,202300001,2023-04-08,264,25,3,1,2,8,6,8,2023-04-05 13:40:00,2023-04-07 11:40:00,2023-04-08 06:40:00,14.950789,76.203477,Complainant reported being robbed of belongings by the accused.
112,300220167202300001,202300001,2023-07-13,1826,167,2,2,3,14,4,44,2023-07-10 18:59:00,2023-07-10 18:59:00,2023-07-13 01:59:00,11.693795,74.280044,Complainant reported being repeatedly followed and harassed by the accused.
113,800240186202600001,202600001,2026-03-24,2045,186,4,3,1,2,6,48,2026-03-22 10:00:00,2026-03-23 04:00:00,2026-03-24 06:00:00,17.200113,77.587849,Complainant alleges the accused attacked the victim with intent to kill.
114,300150113202400001,202400001,2024-09-14,1241,113,2,3,5,19,6,29,2024-09-11 09:11:00,2024-09-13 01:11:00,2024-09-13 21:11:00,14.304303,76.174928,Complainant reported the use of forged documents by the accused.
115,400200149202500001,202500001,2025-11-20,1621,149,3,2,4,17,6,39,2025-11-16 08:36:00,2025-11-17 08:36:00,2025-11-18 08:36:00,15.282721,78.469793,Complainant reported a disturbance affecting public order in the area.
116,300120088202400001,202400001,2024-02-10,964,88,2,2,2,6,3,23,2024-02-05 16:37:00,2024-02-07 07:37:00,2024-02-09 19:37:00,11.63358,77.70754,Complainant reported the theft of personal property from the premises.
117,800030021202500001,202500001,2025-11-06,225,21,4,1,5,21,5,5,2025-11-02 15:55:00,2025-11-04 03:55:00,2025-11-06 17:55:00,17.316758,75.614859,Complainant reported an online fraud resulting in financial loss.
118,300090063202600001,202600001,2026-02-07,679,63,2,2,1,3,5,17,2026-02-05 10:33:00,2026-02-06 03:33:00,2026-02-06 05:33:00,12.900227,75.504805,Complainant reported a physical assault resulting in serious injury.
119,300040028202400001,202400001,2024-10-10,312,28,2,2,2,6,1,7,2024-10-07 12:45:00,2024-10-09 03:45:00,2024-10-10 14:45:00,14.722877,77.873896,Complainant reported the theft of personal property from the premises.
120,400290230202600001,202600001,2026-01-08,2564,230,3,3,3,14,5,58,2026-01-06 13:59:00,2026-01-06 22:59:00,2026-01-08 04:59:00,14.729144,74.749853,Complainant reported being repeatedly followed and harassed by the accused.
121,400150113202200001,202200001,2022-10-09,1246,113,3,3,2,7,5,30,2022-10-06 17:39:00,2022-10-08 12:39:00,2022-10-08 17:39:00,16.692839,76.18246,Complainant reported that the premises were broken into and valuables removed.
122,100060038202300001,202300001,2023-10-25,407,38,1,3,5,18,1,12,2023-10-18 20:50:00,2023-10-20 06:50:00,2023-10-23 00:50:00,14.231373,77.050485,Complainant reported being deceived into a financial loss by the accused.
123,400090066202300001,202300001,2023-06-15,723,66,3,2,5,20,1,18,2023-06-11 01:26:00,2023-06-12 08:26:00,2023-06-14 01:26:00,15.075021,75.961946,Complainant reported misappropriation of entrusted property.
124,400170128202200001,202200001,2022-12-03,1405,128,3,2,1,3,4,33,2022-11-30 22:06:00,2022-12-02 22:06:00,2022-12-03 17:06:00,18.248883,77.669755,Complainant reported a physical assault resulting in serious injury.
125,100250197202300001,202300001,2023-11-15,2190,197,1,2,1,3,2,50,2023-11-10 10:30:00,2023-11-10 23:30:00,2023-11-13 14:30:00,16.100955,78.008718,Complainant reported a physical assault resulting in serious injury.
126,800090065202400001,202400001,2024-06-02,703,65,4,2,1,1,2,18,2024-05-29 12:54:00,2024-05-30 18:54:00,2024-06-01 02:54:00,12.801465,74.650493,Complainant reported the death of the victim under suspicious circumstances at the scene.
127,400010004202200001,202200001,2022-03-25,34,4,3,1,5,21,2,2,2022-03-19 13:54:00,2022-03-21 05:54:00,2022-03-23 01:54:00,11.801077,77.367041,Complainant reported an online fraud resulting in financial loss.
128,100050031202500001,202500001,2025-08-10,335,31,1,1,1,3,6,10,2025-08-05 17:14:00,2025-08-06 19:14:00,2025-08-09 09:14:00,15.796939,74.172654,Complainant reported a physical assault resulting in serious injury.
129,400280220202300002,202300002,2023-10-11,2448,220,3,1,5,20,1,55,2023-10-08 10:00:00,2023-10-08 21:00:00,2023-10-10 15:00:00,12.032112,77.349029,Complainant reported misappropriation of entrusted property.
130,400230173202400001,202400001,2024-02-23,1886,173,3,1,5,19,2,46,2024-02-17 03:16:00,2024-02-18 23:16:00,2024-02-21 09:16:00,15.115999,76.753404,Complainant reported the use of forged documents by the accused.
131,100060038202200001,202200001,2022-11-17,407,38,1,2,5,18,1,12,2022-11-11 21:25:00,2022-11-13 13:25:00,2022-11-16 08:25:00,14.478064,74.679933,Complainant reported being deceived into a financial loss by the accused.
132,100010008202400001,202400001,2024-06-15,88,8,1,2,1,4,1,2,2024-06-12 23:37:00,2024-06-14 11:37:00,2024-06-15 05:37:00,12.24905,77.969623,Complainant reported being physically assaulted by the accused.
133,800210155202300001,202300001,2023-11-06,1688,155,4,1,1,4,2,41,2023-11-03 08:21:00,2023-11-04 10:21:00,2023-11-05 22:21:00,12.458435,75.469257,Complainant reported being physically assaulted by the accused.
134,800110082202200001,202200001,2022-05-20,902,82,4,2,3,12,5,22,2022-05-17 15:48:00,2022-05-18 15:48:00,2022-05-19 11:48:00,16.955233,78.025518,Complainant reported harassment related to dowry demands.
135,800050032202500001,202500001,2025-12-02,342,32,4,1,1,3,6,10,2025-11-27 22:59:00,2025-11-29 00:59:00,2025-11-30 01:59:00,15.852016,78.290491,Complainant reported a physical assault resulting in serious injury.
136,800030020202500001,202500001,2025-02-01,213,20,4,2,2,7,2,5,2025-01-31 15:44:00,2025-02-01 01:44:00,2025-02-01 01:44:00,13.462314,76.860951,Complainant reported that the premises were broken into and valuables removed.
137,400270211202600001,202600001,2026-02-01,2337,211,3,1,3,13,2,54,2026-01-28 14:08:00,2026-01-30 13:08:00,2026-02-01 03:08:00,13.063575,77.792967,Complainant reported an act of sexual assault by the accused.
138,300190140202300001,202300001,2023-09-06,1527,140,2,2,2,8,3,37,2023-09-01 21:26:00,2023-09-03 03:26:00,2023-09-04 05:26:00,13.460697,77.675547,Complainant reported being robbed of belongings by the accused.
139,400220162202300001,202300001,2023-10-03,1755,162,3,1,5,21,1,43,2023-09-29 17:53:00,2023-09-30 19:53:00,2023-10-03 00:53:00,14.348549,76.549311,Complainant reported an online fraud resulting in financial loss.
140,400190142202300001,202300001,2023-09-27,1556,142,3,3,4,15,1,37,2023-09-24 17:51:00,2023-09-26 10:51:00,2023-09-26 21:51:00,12.225706,74.69634,Complainant reported a violent disturbance involving a group at the location.
141,100100068202200001,202200001,2022-08-02,728,68,1,1,3,11,3,19,2022-07-30 19:42:00,2022-07-31 22:42:00,2022-08-01 21:42:00,12.051719,76.565404,Complainant reported repeated harassment and abuse within the household.
142,100080050202400001,202400001,2024-08-13,531,50,1,3,5,19,6,16,2024-08-09 14:22:00,2024-08-11 08:22:00,2024-08-13 11:22:00,14.086218,77.602336,Complainant reported the use of forged documents by the accused.
143,800090061202300001,202300001,2023-05-19,655,61,4,3,4,17,4,17,2023-05-14 01:50:00,2023-05-15 21:50:00,2023-05-18 14:50:00,16.8906,74.561733,Complainant reported a disturbance affecting public order in the area.
144,100120093202200001,202200001,2022-10-13,1036,93,1,2,1,1,1,24,2022-10-11 08:28:00,2022-10-12 22:28:00,2022-10-13 12:28:00,14.136575,77.617899,Complainant reported the death of the victim under suspicious circumstances at the scene.
145,100230177202600001,202600001,2026-01-31,1939,177,1,2,5,20,2,46,2026-01-25 20:16:00,2026-01-26 14:16:00,2026-01-29 02:16:00,14.387935,76.143595,Complainant reported misappropriation of entrusted property.
146,400240188202500001,202500001,2025-07-13,2079,188,3,2,5,18,3,48,2025-07-10 18:36:00,2025-07-11 13:36:00,2025-07-11 15:36:00,16.765011,74.939576,Complainant reported being deceived into a financial loss by the accused.
147,100020014202500001,202500001,2025-07-28,159,14,1,2,4,17,2,3,2025-07-24 19:39:00,2025-07-25 05:39:00,2025-07-27 07:39:00,13.431602,76.169244,Complainant reported a disturbance affecting public order in the area.
148,800060040202300001,202300001,2023-12-06,438,40,4,1,1,2,2,12,2023-12-03 04:39:00,2023-12-04 01:39:00,2023-12-05 14:39:00,12.832725,75.100085,Complainant alleges the accused attacked the victim with intent to kill.
149,800010006202400001,202400001,2024-12-19,59,6,4,1,5,18,1,2,2024-12-16 07:37:00,2024-12-16 18:37:00,2024-12-18 21:37:00,15.708041,76.236776,Complainant reported being deceived into a financial loss by the accused.
150,100160119202400002,202400002,2024-01-01,1314,119,1,3,1,2,1,31,2023-12-29 18:41:00,2023-12-30 15:41:00,2024-01-01 22:41:00,14.162123,74.928926,Complainant alleges the accused attacked the victim with intent to kill.
151,400080057202600001,202600001,2026-01-31,617,57,3,1,3,12,6,15,2026-01-27 02:42:00,2026-01-28 06:42:00,2026-01-30 21:42:00,18.190536,77.301743,Complainant reported harassment related to dowry demands.
152,300180134202400001,202400001,2024-11-30,1469,134,2,3,3,13,5,35,2024-11-27 16:23:00,2024-11-28 18:23:00,2024-11-29 22:23:00,12.169759,75.387302,Complainant reported an act of sexual assault by the accused.
153,100220168202300001,202300001,2023-01-23,1836,168,1,1,3,11,5,44,2023-01-22 03:06:00,2023-01-22 20:06:00,2023-01-22 23:06:00,17.066034,74.836504,Complainant reported repeated harassment and abuse within the household.
154,400230177202400001,202400001,2024-01-07,1935,177,3,3,3,14,2,45,2024-01-03 13:37:00,2024-01-03 21:37:00,2024-01-06 21:37:00,13.823539,76.502243,Complainant reported being repeatedly followed and harassed by the accused.
155,400100075202600001,202600001,2026-05-03,830,75,3,2,3,12,6,19,2026-04-29 04:23:00,2026-04-29 11:23:00,2026-05-02 05:23:00,16.347179,74.333728,Complainant reported harassment related to dowry demands.
156,800090063202200001,202200001,2022-07-27,678,63,4,3,3,13,4,18,2022-07-22 06:26:00,2022-07-23 22:26:00,2022-07-25 02:26:00,12.556248,77.983016,Complainant reported an act of sexual assault by the accused.
157,100180136202400001,202400001,2024-11-27,1502,136,1,2,2,7,1,36,2024-11-23 21:16:00,2024-11-25 11:16:00,2024-11-26 23:16:00,17.561615,76.797273,Complainant reported that the premises were broken into and valuables removed.
158,100190140202400001,202400001,2024-05-08,1530,140,1,2,1,2,1,38,2024-05-03 02:22:00,2024-05-04 03:22:00,2024-05-06 04:22:00,13.911527,77.191966,Complainant alleges the accused attacked the victim with intent to kill.
159,800130096202600001,202600001,2026-04-14,1055,96,4,1,1,3,3,25,2026-04-10 13:51:00,2026-04-11 22:51:00,2026-04-14 04:51:00,12.179275,76.670788,Complainant reported a physical assault resulting in serious injury.
160,300120087202600001,202600001,2026-02-16,955,87,2,3,5,19,5,23,2026-02-11 09:10:00,2026-02-12 09:10:00,2026-02-14 12:10:00,12.565779,76.206561,Complainant reported the use of forged documents by the accused.
161,300230172202500001,202500001,2025-02-28,1867,172,2,2,4,17,3,46,2025-02-24 07:00:00,2025-02-25 17:00:00,2025-02-28 04:00:00,18.001363,74.134443,Complainant reported a disturbance affecting public order in the area.
162,400090062202200001,202200001,2022-07-03,666,62,3,1,4,16,6,18,2022-06-28 23:42:00,2022-06-30 05:42:00,2022-07-02 14:42:00,12.238763,76.885696,Complainant reported an unauthorized gathering causing disturbance.
163,400270213202300001,202300001,2023-12-23,2356,213,3,2,2,7,5,54,2023-12-22 05:08:00,2023-12-22 10:08:00,2023-12-22 19:08:00,13.258365,76.906951,Complainant reported that the premises were broken into and valuables removed.
164,400070048202300001,202300001,2023-04-29,521,48,3,2,5,20,5,14,2023-04-23 10:18:00,2023-04-24 18:18:00,2023-04-27 10:18:00,13.007709,76.313985,Complainant reported misappropriation of entrusted property.
165,100230174202500001,202500001,2025-01-13,1893,174,1,2,1,3,6,46,2025-01-09 10:05:00,2025-01-10 23:05:00,2025-01-11 02:05:00,16.806693,75.359115,Complainant reported a physical assault resulting in serious injury.
166,400020014202600001,202600001,2026-02-18,157,14,3,2,1,3,5,4,2026-02-16 19:43:00,2026-02-16 22:43:00,2026-02-18 03:43:00,17.879545,77.278247,Complainant reported a physical assault resulting in serious injury.
167,400080051202300001,202300001,2023-01-10,547,51,3,1,5,18,6,15,2023-01-05 19:27:00,2023-01-07 02:27:00,2023-01-08 03:27:00,14.645479,76.367272,Complainant reported being deceived into a financial loss by the accused.
168,800220166202500001,202500001,2025-04-03,1802,166,4,1,5,21,4,43,2025-03-30 18:10:00,2025-03-31 05:10:00,2025-04-02 11:10:00,14.557873,76.416255,Complainant reported an online fraud resulting in financial loss.
169,400070047202400001,202400001,2024-03-08,509,47,3,1,1,1,6,13,2024-03-04 14:06:00,2024-03-05 14:06:00,2024-03-07 08:06:00,15.349765,74.94812,Complainant reported the death of the victim under suspicious circumstances at the scene.
170,100050032202200001,202200001,2022-09-12,351,32,1,3,5,21,4,9,2022-09-10 08:10:00,2022-09-11 20:10:00,2022-09-11 22:10:00,16.09866,76.80327,Complainant reported an online fraud resulting in financial loss.
171,800220170202500001,202500001,2025-10-10,1856,170,4,1,2,9,6,44,2025-10-05 15:50:00,2025-10-06 04:50:00,2025-10-08 02:50:00,13.666716,78.328849,Complainant reported that a vehicle was stolen from the parking area.
172,400070046202500001,202500001,2025-09-03,497,46,3,1,2,8,1,14,2025-08-31 11:33:00,2025-09-01 17:33:00,2025-09-01 17:33:00,17.727426,75.408275,Complainant reported being robbed of belongings by the accused.
173,300150111202500001,202500001,2025-08-21,1224,111,2,1,5,19,6,29,2025-08-17 07:58:00,2025-08-19 06:58:00,2025-08-21 20:58:00,17.342847,76.756307,Complainant reported the use of forged documents by the accused.
174,300090066202300001,202300001,2023-02-11,725,66,2,3,4,16,3,17,2023-02-10 23:46:00,2023-02-11 05:46:00,2023-02-11 19:46:00,13.225204,75.686668,Complainant reported an unauthorized gathering causing disturbance.
175,100270210202400001,202400001,2024-06-30,2326,210,1,2,1,3,6,54,2024-06-25 11:20:00,2024-06-27 11:20:00,2024-06-28 15:20:00,14.685537,74.240628,Complainant reported a physical assault resulting in serious injury.
176,300140103202600001,202600001,2026-04-01,1132,103,2,1,1,1,5,28,2026-03-28 02:27:00,2026-03-30 01:27:00,2026-04-01 16:27:00,13.7132,74.246187,Complainant reported the death of the victim under suspicious circumstances at the scene.
177,100220165202300001,202300001,2023-07-28,1800,165,1,2,1,5,5,43,2023-07-25 09:23:00,2023-07-25 11:23:00,2023-07-26 05:23:00,12.794789,77.350583,Complainant reported that the victim was forcibly taken away by the accused.
178,400160125202600001,202600001,2026-02-02,1377,125,3,2,1,1,2,31,2026-01-30 21:59:00,2026-02-01 02:59:00,2026-02-01 18:59:00,17.7421,78.419751,Complainant reported the death of the victim under suspicious circumstances at the scene.
179,100200146202200001,202200001,2022-01-10,1587,146,1,2,2,9,3,39,2022-01-06 05:00:00,2022-01-06 13:00:00,2022-01-08 13:00:00,17.087033,75.198161,Complainant reported that a vehicle was stolen from the parking area.
180,100080056202300001,202300001,2023-08-19,610,56,1,3,2,8,6,15,2023-08-17 05:04:00,2023-08-17 08:04:00,2023-08-19 00:04:00,13.257054,75.363678,Complainant reported being robbed of belongings by the accused.
181,800200145202200001,202200001,2022-01-23,1581,145,4,2,3,14,2,40,2022-01-22 00:22:00,2022-01-22 08:22:00,2022-01-22 18:22:00,16.351496,74.548754,Complainant reported being repeatedly followed and harassed by the accused.
182,800100073202600001,202600001,2026-04-16,806,73,4,2,5,20,2,20,2026-04-12 11:21:00,2026-04-13 11:21:00,2026-04-14 01:21:00,12.865238,76.025037,Complainant reported misappropriation of entrusted property.
183,400220167202500001,202500001,2025-08-07,1820,167,3,2,3,13,2,44,2025-08-06 06:46:00,2025-08-06 19:46:00,2025-08-06 19:46:00,18.069711,74.597025,Complainant reported an act of sexual assault by the accused.
184,400080056202400001,202400001,2024-01-01,612,56,3,1,5,19,6,15,2023-12-28 19:07:00,2023-12-30 13:07:00,2023-12-31 10:07:00,17.958287,75.824858,Complainant reported the use of forged documents by the accused.
185,100160122202200001,202200001,2022-09-13,1346,122,1,1,3,11,2,32,2022-09-09 03:07:00,2022-09-09 20:07:00,2022-09-12 17:07:00,16.975587,78.545301,Complainant reported repeated harassment and abuse within the household.
186,100170127202200001,202200001,2022-03-02,1393,127,1,3,3,13,2,33,2022-02-28 06:41:00,2022-02-28 06:41:00,2022-03-02 21:41:00,14.496924,76.321882,Complainant reported an act of sexual assault by the accused.
187,100110082202300001,202300001,2023-11-09,906,82,1,2,1,5,3,21,2023-11-06 20:09:00,2023-11-07 05:09:00,2023-11-08 22:09:00,12.319721,77.739249,Complainant reported that the victim was forcibly taken away by the accused.
188,800020017202400001,202400001,2024-11-19,190,17,4,2,5,20,5,3,2024-11-14 01:41:00,2024-11-15 14:41:00,2024-11-17 20:41:00,16.098892,75.730631,Complainant reported misappropriation of entrusted property.
189,400080054202300001,202300001,2023-05-25,583,54,3,3,1,5,2,15,2023-05-19 03:44:00,2023-05-20 18:44:00,2023-05-23 13:44:00,13.160832,77.742201,Complainant reported that the victim was forcibly taken away by the accused.
190,100090061202300001,202300001,2023-11-16,661,61,1,2,2,10,3,18,2023-11-14 17:39:00,2023-11-16 14:39:00,2023-11-16 22:39:00,14.778715,75.539635,Complainant reported intentional damage to property by the accused.
191,400190143202500001,202500001,2025-02-20,1568,143,3,1,2,8,5,37,2025-02-17 18:16:00,2025-02-17 23:16:00,2025-02-18 07:16:00,17.194497,77.62096,Complainant reported being robbed of belongings by the accused.
192,400260204202300001,202300001,2023-07-21,2270,204,3,3,2,8,5,51,2023-07-16 19:08:00,2023-07-18 06:08:00,2023-07-20 00:08:00,11.7416,75.310449,Complainant reported being robbed of belongings by the accused.
193,400170128202600001,202600001,2026-05-01,1402,128,3,1,2,9,5,33,2026-04-27 06:59:00,2026-04-27 23:59:00,2026-04-29 11:59:00,16.562136,77.002753,Complainant reported that a vehicle was stolen from the parking area.
194,800300237202500001,202500001,2025-06-19,2643,237,4,2,4,16,4,60,2025-06-16 00:41:00,2025-06-16 21:41:00,2025-06-17 06:41:00,16.550205,76.000699,Complainant reported an unauthorized gathering causing disturbance.
195,100090062202600001,202600001,2026-02-15,675,62,1,3,4,16,5,18,2026-02-12 10:51:00,2026-02-13 14:51:00,2026-02-14 05:51:00,18.120969,77.90018,Complainant reported an unauthorized gathering causing disturbance.
196,300010003202500001,202500001,2025-11-07,19,3,2,3,4,15,5,1,2025-11-04 10:05:00,2025-11-06 01:05:00,2025-11-07 03:05:00,16.761826,76.992152,Complainant reported a violent disturbance involving a group at the location.
197,100240182202400001,202400001,2024-08-28,1999,182,1,2,4,15,3,47,2024-08-24 14:56:00,2024-08-25 17:56:00,2024-08-26 15:56:00,14.41164,74.711572,Complainant reported a violent disturbance involving a group at the location.
198,800160124202300001,202300001,2023-01-15,1366,124,4,1,2,10,3,32,2023-01-12 15:26:00,2023-01-13 20:26:00,2023-01-15 17:26:00,13.695253,76.103185,Complainant reported intentional damage to property by the accused.
199,400240186202400001,202400001,2024-05-07,2053,186,3,3,5,21,4,47,2024-05-05 10:11:00,2024-05-05 22:11:00,2024-05-06 14:11:00,14.522894,74.243513,Complainant reported an online fraud resulting in financial loss.
200,100260204202500001,202500001,2025-08-23,2273,204,1,3,2,10,3,52,2025-08-18 13:59:00,2025-08-18 18:59:00,2025-08-21 11:59:00,16.795981,75.937632,Complainant reported intentional damage to property by the accused.
201,300080050202200001,202200001,2022-06-15,542,50,2,2,4,16,3,15,2022-06-11 08:53:00,2022-06-12 14:53:00,2022-06-13 20:53:00,15.238203,74.886308,Complainant reported an unauthorized gathering causing disturbance.
202,400010005202300001,202300001,2023-04-30,52,5,3,1,1,4,6,2,2023-04-26 16:30:00,2023-04-28 09:30:00,2023-04-29 13:30:00,18.346363,76.517718,Complainant reported being physically assaulted by the accused.
203,400140105202600001,202600001,2026-04-08,1178,105,3,3,2,7,5,27,2026-04-04 20:10:00,2026-04-06 16:10:00,2026-04-07 07:10:00,15.342566,75.575408,Complainant reported that the premises were broken into and valuables removed.
204,300090064202300001,202300001,2023-02-28,691,64,2,1,5,20,3,18,2023-02-22 22:38:00,2023-02-23 21:38:00,2023-02-26 08:38:00,17.320052,78.501337,Complainant reported misappropriation of entrusted property.
205,800220166202400001,202400001,2024-06-19,1812,166,4,1,3,14,6,44,2024-06-15 09:07:00,2024-06-16 20:07:00,2024-06-17 19:07:00,15.618883,74.736116,Complainant reported being repeatedly followed and harassed by the accused.
206,300130096202400001,202400001,2024-11-28,1054,96,2,3,1,3,4,25,2024-11-22 12:10:00,2024-11-24 05:10:00,2024-11-26 05:10:00,15.465669,75.816563,Complainant reported a physical assault resulting in serious injury.
207,300090065202500001,202500001,2025-03-06,705,65,2,1,2,9,5,18,2025-03-04 04:39:00,2025-03-05 02:39:00,2025-03-05 13:39:00,13.875804,78.154354,Complainant reported that a vehicle was stolen from the parking area.
208,100230176202400001,202400001,2024-08-13,1922,176,1,2,3,13,6,45,2024-08-08 04:14:00,2024-08-09 12:14:00,2024-08-12 11:14:00,15.209733,78.270357,Complainant reported an act of sexual assault by the accused.
209,300040027202600001,202600001,2026-03-19,305,27,2,1,5,18,6,8,2026-03-16 09:04:00,2026-03-17 22:04:00,2026-03-18 13:04:00,14.72529,76.63511,Complainant reported being deceived into a financial loss by the accused.
210,800130098202400001,202400001,2024-12-08,1086,98,4,3,1,5,2,26,2024-12-05 21:34:00,2024-12-07 15:34:00,2024-12-08 14:34:00,15.173653,74.841373,Complainant reported that the victim was forcibly taken away by the accused.
211,400200147202400001,202400001,2024-02-20,1600,147,3,3,5,18,4,40,2024-02-14 21:04:00,2024-02-16 18:04:00,2024-02-18 07:04:00,14.223248,78.092952,Complainant reported being deceived into a financial loss by the accused.
212,300300234202300002,202300002,2023-01-25,2604,234,2,1,1,2,4,60,2023-01-20 02:48:00,2023-01-22 01:48:00,2023-01-23 18:48:00,14.83272,76.976856,Complainant alleges the accused attacked the victim with intent to kill.
213,100110079202300001,202300001,2023-07-25,866,79,1,1,3,12,5,22,2023-07-21 01:39:00,2023-07-22 04:39:00,2023-07-24 18:39:00,17.933486,77.811129,Complainant reported harassment related to dowry demands.
214,100110082202400001,202400001,2024-10-10,903,82,1,2,4,16,3,21,2024-10-08 04:05:00,2024-10-08 14:05:00,2024-10-10 15:05:00,14.434138,75.078949,Complainant reported an unauthorized gathering causing disturbance.
215,100200147202600001,202600001,2026-02-20,1597,147,1,2,3,14,5,39,2026-02-15 16:48:00,2026-02-17 11:48:00,2026-02-18 18:48:00,16.90824,75.613548,Complainant reported being repeatedly followed and harassed by the accused.
216,300290224202300001,202300001,2023-07-06,2493,224,2,1,2,10,3,58,2023-07-04 18:29:00,2023-07-05 23:29:00,2023-07-06 14:29:00,16.115133,74.594054,Complainant reported intentional damage to property by the accused.
217,800120089202400001,202400001,2024-09-16,969,89,4,2,5,20,4,24,2024-09-13 03:41:00,2024-09-14 05:41:00,2024-09-16 08:41:00,12.656611,78.140668,Complainant reported misappropriation of entrusted property.
218,400230175202200001,202200001,2022-09-27,1911,175,3,3,3,11,3,45,2022-09-23 22:13:00,2022-09-25 05:13:00,2022-09-26 17:13:00,16.454416,75.910899,Complainant reported repeated harassment and abuse within the household.
219,800060040202400001,202400001,2024-10-28,441,40,4,1,1,5,6,11,2024-10-23 07:42:00,2024-10-24 18:42:00,2024-10-27 00:42:00,14.332269,75.22494,Complainant reported that the victim was forcibly taken away by the accused.
220,400080056202600001,202600001,2026-04-20,615,56,3,3,4,16,6,15,2026-04-16 14:49:00,2026-04-16 18:49:00,2026-04-18 04:49:00,18.150205,74.982077,Complainant reported an unauthorized gathering causing disturbance.
221,300260203202200001,202200001,2022-03-04,2247,203,2,1,3,11,4,52,2022-02-25 18:31:00,2022-02-27 11:31:00,2022-03-02 08:31:00,17.080996,74.76036,Complainant reported repeated harassment and abuse within the household.
222,800230177202200001,202200001,2022-12-21,1934,177,4,1,4,15,5,45,2022-12-18 10:09:00,2022-12-18 13:09:00,2022-12-19 15:09:00,17.2136,76.995607,Complainant reported a violent disturbance involving a group at the location.
223,800160118202600001,202600001,2026-03-04,1303,118,4,2,4,16,1,31,2026-03-02 14:24:00,2026-03-02 23:24:00,2026-03-04 22:24:00,14.885643,77.043926,Complainant reported an unauthorized gathering causing disturbance.
224,400080059202500001,202500001,2025-11-29,636,59,3,1,5,19,5,16,2025-11-27 00:14:00,2025-11-27 19:14:00,2025-11-28 11:14:00,17.137585,78.591221,Complainant reported the use of forged documents by the accused.
225,400250191202600001,202600001,2026-03-05,2113,191,3,1,4,17,2,50,2026-03-01 06:49:00,2026-03-02 05:49:00,2026-03-05 02:49:00,16.740836,77.824002,Complainant reported a disturbance affecting public order in the area.
226,800010005202600001,202600001,2026-03-21,47,5,4,2,4,17,1,2,2026-03-19 02:08:00,2026-03-19 18:08:00,2026-03-21 18:08:00,13.843725,78.434294,Complainant reported a disturbance affecting public order in the area.
227,800270216202300001,202300001,2023-04-05,2404,216,4,1,2,8,2,53,2023-04-01 08:37:00,2023-04-02 10:37:00,2023-04-04 19:37:00,17.80438,78.526348,Complainant reported being robbed of belongings by the accused.
228,800290229202200001,202200001,2022-01-31,2552,229,4,1,3,14,1,58,2022-01-27 15:36:00,2022-01-28 21:36:00,2022-01-30 23:36:00,17.591567,75.729258,Complainant reported being repeatedly followed and harassed by the accused.
229,300240184202600002,202600002,2026-05-06,2027,184,2,1,4,17,4,47,2026-05-02 01:39:00,2026-05-03 05:39:00,2026-05-05 13:39:00,14.585424,75.785634,Complainant reported a disturbance affecting public order in the area.
230,400020016202300001,202300001,2023-12-20,183,16,3,1,2,7,2,3,2023-12-17 07:03:00,2023-12-17 16:03:00,2023-12-18 19:03:00,15.607829,75.134034,Complainant reported that the premises were broken into and valuables removed.
231,400170129202600001,202600001,2026-06-13,1423,129,3,1,2,8,1,34,2026-06-11 16:50:00,2026-06-11 16:50:00,2026-06-13 00:50:00,14.062348,78.433885,Complainant reported being robbed of belongings by the accused.
232,300110081202300001,202300001,2023-10-08,896,81,2,3,5,19,6,22,2023-10-04 15:36:00,2023-10-06 00:36:00,2023-10-08 13:36:00,17.853862,76.437276,Complainant reported the use of forged documents by the accused.
233,400310241202300001,202300001,2023-12-07,2683,241,3,2,4,17,5,62,2023-12-04 22:04:00,2023-12-05 01:04:00,2023-12-06 11:04:00,14.422356,78.035008,Complainant reported a disturbance affecting public order in the area.
234,300280220202500001,202500001,2025-02-13,2441,220,2,1,2,8,4,56,2025-02-08 08:47:00,2025-02-10 02:47:00,2025-02-12 22:47:00,15.00114,74.548754,Complainant reported being robbed of belongings by the accused.
235,800090065202300001,202300001,2023-11-04,710,65,4,2,5,19,5,17,2023-10-31 03:21:00,2023-11-01 13:21:00,2023-11-03 12:21:00,17.111768,74.447964,Complainant reported the use of forged documents by the accused.
236,300090063202600002,202600002,2026-05-03,680,63,2,2,5,21,3,18,2026-04-29 16:31:00,2026-04-30 02:31:00,2026-05-02 02:31:00,14.84056,75.619013,Complainant reported an online fraud resulting in financial loss.
237,400230174202300001,202300001,2023-08-03,1895,174,3,1,5,20,1,46,2023-07-31 19:14:00,2023-07-31 22:14:00,2023-08-01 08:14:00,18.110763,78.253287,Complainant reported misappropriation of entrusted property.
238,300090064202300002,202300002,2023-12-03,692,64,2,3,5,19,6,17,2023-11-28 10:39:00,2023-11-29 12:39:00,2023-12-01 17:39:00,14.872837,76.244998,Complainant reported the use of forged documents by the accused.
239,100230177202300001,202300001,2023-03-09,1942,177,1,1,2,10,6,46,2023-03-05 12:39:00,2023-03-06 19:39:00,2023-03-07 13:39:00,16.39624,74.375243,Complainant reported intentional damage to property by the accused.
240,100270210202400002,202400002,2024-05-10,2326,210,1,1,4,16,3,53,2024-05-07 20:57:00,2024-05-09 15:57:00,2024-05-10 17:57:00,12.829362,75.135012,Complainant reported an unauthorized gathering causing disturbance.
241,400270213202600001,202600001,2026-02-11,2359,213,3,1,1,3,5,54,2026-02-10 11:52:00,2026-02-11 10:52:00,2026-02-11 21:52:00,13.781045,76.398113,Complainant reported a physical assault resulting in serious injury.
242,100050032202500001,202500001,2025-03-16,347,32,1,1,3,14,6,9,2025-03-10 02:42:00,2025-03-11 20:42:00,2025-03-14 16:42:00,14.07985,78.368183,Complainant reported being repeatedly followed and harassed by the accused.
243,100230178202400001,202400001,2024-08-05,1948,178,1,1,1,4,1,45,2024-08-01 23:06:00,2024-08-02 02:06:00,2024-08-03 05:06:00,12.611836,77.839761,Complainant reported being physically assaulted by the accused.
244,800180132202500001,202500001,2025-04-20,1456,132,4,3,1,5,2,36,2025-04-18 11:26:00,2025-04-19 05:26:00,2025-04-19 07:26:00,15.107202,77.372183,Complainant reported that the victim was forcibly taken away by the accused.
245,800250192202200001,202200001,2022-01-21,2123,192,4,3,2,7,2,49,2022-01-17 04:22:00,2022-01-18 13:22:00,2022-01-20 09:22:00,13.85268,77.659532,Complainant reported that the premises were broken into and valuables removed.
246,800020018202300001,202300001,2023-09-27,205,18,4,3,3,13,4,3,2023-09-24 16:30:00,2023-09-25 00:30:00,2023-09-26 15:30:00,12.262298,75.065498,Complainant reported an act of sexual assault by the accused.
247,800290228202300001,202300001,2023-07-09,2528,228,4,2,4,15,1,58,2023-07-04 02:42:00,2023-07-05 01:42:00,2023-07-07 19:42:00,16.608736,77.817296,Complainant reported a violent disturbance involving a group at the location.
248,800180135202500001,202500001,2025-07-24,1495,135,4,2,1,3,2,35,2025-07-20 19:20:00,2025-07-22 06:20:00,2025-07-23 18:20:00,13.659931,74.166659,Complainant reported a physical assault resulting in serious injury.
249,800250194202500001,202500001,2025-02-20,2154,194,4,1,1,3,3,49,2025-02-17 16:36:00,2025-02-19 15:36:00,2025-02-20 06:36:00,17.139162,77.719068,Complainant reported a physical assault resulting in serious injury.
250,100140100202400001,202400001,2024-12-07,1096,100,1,2,3,13,1,28,2024-12-04 16:29:00,2024-12-06 01:29:00,2024-12-07 04:29:00,11.74811,74.570549,Complainant reported an act of sexual assault by the accused.
251,300170130202300001,202300001,2023-07-23,1428,130,2,1,5,20,6,33,2023-07-21 23:39:00,2023-07-22 17:39:00,2023-07-23 04:39:00,17.147578,75.920342,Complainant reported misappropriation of entrusted property.
252,100130097202500001,202500001,2025-01-21,1067,97,1,2,2,6,2,26,2025-01-20 12:59:00,2025-01-21 06:59:00,2025-01-21 08:59:00,13.510112,75.407669,Complainant reported the theft of personal property from the premises.
253,100020016202600001,202600001,2026-04-19,183,16,1,2,1,3,1,3,2026-04-19 01:02:00,2026-04-19 18:02:00,2026-04-19 21:02:00,17.869013,75.306223,Complainant reported a physical assault resulting in serious injury.
254,800250191202300001,202300001,2023-07-24,2108,191,4,2,5,21,3,49,2023-07-17 22:07:00,2023-07-19 21:07:00,2023-07-22 10:07:00,17.254008,75.159111,Complainant reported an online fraud resulting in financial loss.
255,800090065202200001,202200001,2022-08-14,703,65,4,2,5,20,4,17,2022-08-09 00:23:00,2022-08-09 23:23:00,2022-08-12 22:23:00,12.288623,78.027211,Complainant reported misappropriation of entrusted property.
256,400010005202200001,202200001,2022-10-08,56,5,3,2,1,5,6,1,2022-10-04 12:25:00,2022-10-06 11:25:00,2022-10-07 06:25:00,13.790649,76.819515,Complainant reported that the victim was forcibly taken away by the accused.
257,300200146202600001,202600001,2026-05-17,1584,146,2,1,1,1,6,39,2026-05-12 04:41:00,2026-05-14 04:41:00,2026-05-15 04:41:00,17.405122,77.097042,Complainant reported the death of the victim under suspicious circumstances at the scene.
258,300110082202600001,202600001,2026-02-06,906,82,2,1,1,5,5,21,2026-02-04 04:01:00,2026-02-05 06:01:00,2026-02-06 09:01:00,15.178631,78.528222,Complainant reported that the victim was forcibly taken away by the accused.
259,400220162202500001,202500001,2025-08-24,1758,162,3,3,1,5,2,43,2025-08-21 03:11:00,2025-08-22 03:11:00,2025-08-23 09:11:00,15.565579,76.82256,Complainant reported that the victim was forcibly taken away by the accused.
260,800110082202500001,202500001,2025-11-12,905,82,4,2,2,6,5,21,2025-11-09 01:10:00,2025-11-09 23:10:00,2025-11-10 11:10:00,12.63322,77.309577,Complainant reported the theft of personal property from the premises.
261,300160125202600001,202600001,2026-03-25,1381,125,2,2,5,20,4,32,2026-03-22 11:04:00,2026-03-23 23:04:00,2026-03-24 17:04:00,16.494719,75.312446,Complainant reported misappropriation of entrusted property.
262,100080052202600001,202600001,2026-05-18,571,52,1,3,4,16,6,15,2026-05-15 06:05:00,2026-05-15 16:05:00,2026-05-18 00:05:00,16.47063,78.517154,Complainant reported an unauthorized gathering causing disturbance.
263,100110079202200001,202200001,2022-09-24,867,79,1,2,1,1,1,21,2022-09-20 03:39:00,2022-09-20 22:39:00,2022-09-23 18:39:00,16.428036,74.679696,Complainant reported the death of the victim under suspicious circumstances at the scene.
264,100250200202300001,202300001,2023-03-10,2217,200,1,3,3,14,4,49,2023-03-05 13:53:00,2023-03-06 16:53:00,2023-03-08 17:53:00,14.804469,77.142276,Complainant reported being repeatedly followed and harassed by the accused.
265,100060038202400001,202400001,2024-01-14,411,38,1,2,1,4,1,12,2024-01-10 20:39:00,2024-01-11 22:39:00,2024-01-14 03:39:00,16.569494,77.577764,Complainant reported being physically assaulted by the accused.
266,100200150202400001,202400001,2024-06-15,1629,150,1,2,1,4,2,39,2024-06-12 16:43:00,2024-06-13 19:43:00,2024-06-14 18:43:00,14.628185,76.54484,Complainant reported being physically assaulted by the accused.
267,400100070202400001,202400001,2024-11-05,763,70,3,3,3,11,3,19,2024-11-01 05:02:00,2024-11-02 01:02:00,2024-11-03 22:02:00,14.366003,75.545288,Complainant reported repeated harassment and abuse within the household.
268,800030023202300001,202300001,2023-04-05,246,23,4,1,1,2,3,6,2023-04-03 03:49:00,2023-04-03 16:49:00,2023-04-04 17:49:00,16.423375,76.778007,Complainant alleges the accused attacked the victim with intent to kill.
269,100190143202500001,202500001,2025-01-31,1568,143,1,2,5,21,6,38,2025-01-25 07:13:00,2025-01-26 16:13:00,2025-01-29 06:13:00,15.278822,76.43572,Complainant reported an online fraud resulting in financial loss.
270,800310241202400001,202400001,2024-05-24,2686,241,4,3,5,21,3,62,2024-05-21 03:54:00,2024-05-21 05:54:00,2024-05-23 14:54:00,15.554407,77.827525,Complainant reported an online fraud resulting in financial loss.
271,800250194202500002,202500002,2025-10-01,2156,194,4,1,5,18,4,50,2025-09-27 09:52:00,2025-09-27 22:52:00,2025-09-29 13:52:00,11.864814,77.884537,Complainant reported being deceived into a financial loss by the accused.
272,300110082202500001,202500001,2025-06-14,900,82,2,1,1,3,6,21,2025-06-11 06:10:00,2025-06-12 11:10:00,2025-06-13 17:10:00,16.321619,77.299208,Complainant reported a physical assault resulting in serious injury.
273,400030021202500001,202500001,2025-07-23,227,21,3,3,3,12,3,6,2025-07-20 03:49:00,2025-07-20 13:49:00,2025-07-21 02:49:00,15.433285,78.272272,Complainant reported harassment related to dowry demands.
274,300200149202500001,202500001,2025-04-12,1627,149,2,1,5,21,4,39,2025-04-09 18:46:00,2025-04-11 08:46:00,2025-04-11 15:46:00,16.212945,75.94977,Complainant reported an online fraud resulting in financial loss.
275,100150110202300001,202300001,2023-10-29,1212,110,1,1,2,6,1,30,2023-10-27 06:16:00,2023-10-28 01:16:00,2023-10-28 05:16:00,14.567681,76.240305,Complainant reported the theft of personal property from the premises.
276,300020013202500001,202500001,2025-08-19,153,13,2,1,4,17,6,3,2025-08-16 23:17:00,2025-08-17 10:17:00,2025-08-19 20:17:00,13.745784,76.891991,Complainant reported a disturbance affecting public order in the area.
277,800090064202400001,202400001,2024-08-17,694,64,4,3,1,1,4,17,2024-08-13 04:44:00,2024-08-14 20:44:00,2024-08-16 04:44:00,12.802811,76.174644,Complainant reported the death of the victim under suspicious circumstances at the scene.
278,800250197202300001,202300001,2023-09-13,2188,197,4,1,1,1,3,49,2023-09-10 02:41:00,2023-09-11 11:41:00,2023-09-13 17:41:00,13.875884,77.378861,Complainant reported the death of the victim under suspicious circumstances at the scene.
279,800160118202200001,202200001,2022-09-05,1303,118,4,2,1,4,2,32,2022-09-03 14:41:00,2022-09-03 20:41:00,2022-09-04 03:41:00,17.22367,74.361968,Complainant reported being physically assaulted by the accused.
280,400120084202400001,202400001,2024-10-21,914,84,3,1,1,2,3,23,2024-10-16 15:10:00,2024-10-18 10:10:00,2024-10-19 15:10:00,16.242209,74.890313,Complainant alleges the accused attacked the victim with intent to kill.
281,800120085202500001,202500001,2025-07-28,929,85,4,1,5,20,4,23,2025-07-22 23:36:00,2025-07-24 18:36:00,2025-07-27 03:36:00,15.228298,77.44594,Complainant reported misappropriation of entrusted property.
282,100150112202600001,202600001,2026-04-24,1235,112,1,3,5,19,5,30,2026-04-22 06:11:00,2026-04-22 22:11:00,2026-04-24 21:11:00,13.757898,78.483064,Complainant reported the use of forged documents by the accused.
283,400300235202600001,202600001,2026-05-17,2615,235,3,3,2,10,2,60,2026-05-13 15:58:00,2026-05-15 02:58:00,2026-05-15 15:58:00,15.746352,78.457735,Complainant reported intentional damage to property by the accused.
284,800300237202400001,202400001,2024-09-22,2656,237,4,2,3,11,3,60,2024-09-19 08:56:00,2024-09-20 12:56:00,2024-09-22 01:56:00,13.202081,74.119221,Complainant reported repeated harassment and abuse within the household.
285,300120090202200001,202200001,2022-08-31,994,90,2,3,1,5,2,24,2022-08-27 00:42:00,2022-08-28 02:42:00,2022-08-29 20:42:00,13.315798,74.236152,Complainant reported that the victim was forcibly taken away by the accused.
286,800030021202500002,202500002,2025-10-07,229,21,4,1,5,18,5,5,2025-10-04 01:57:00,2025-10-05 02:57:00,2025-10-07 07:57:00,13.76886,78.06902,Complainant reported being deceived into a financial loss by the accused.
287,100110078202600001,202600001,2026-05-23,848,78,1,3,2,8,2,21,2026-05-19 17:55:00,2026-05-20 22:55:00,2026-05-21 09:55:00,16.731522,74.854142,Complainant reported being robbed of belongings by the accused.
288,300150110202400001,202400001,2024-11-27,1211,110,2,1,5,18,2,30,2024-11-22 20:22:00,2024-11-24 20:22:00,2024-11-26 19:22:00,13.250482,78.108184,Complainant reported being deceived into a financial loss by the accused.
289,400300234202400001,202400001,2024-06-30,2607,234,3,3,1,2,2,59,2024-06-24 10:18:00,2024-06-25 12:18:00,2024-06-28 06:18:00,16.539828,77.251611,Complainant alleges the accused attacked the victim with intent to kill.
290,400110080202500001,202500001,2025-09-17,875,80,3,3,4,17,3,22,2025-09-13 23:14:00,2025-09-14 12:14:00,2025-09-15 11:14:00,12.812547,77.916633,Complainant reported a disturbance affecting public order in the area.
291,100310240202500001,202500001,2025-02-19,2681,240,1,3,2,8,5,61,2025-02-16 12:09:00,2025-02-17 22:09:00,2025-02-19 02:09:00,14.019805,76.573757,Complainant reported being robbed of belongings by the accused.
292,400290228202600001,202600001,2026-04-10,2533,228,3,2,5,19,5,58,2026-04-05 11:01:00,2026-04-06 08:01:00,2026-04-08 01:01:00,13.231935,76.931372,Complainant reported the use of forged documents by the accused.
293,300050030202600001,202600001,2026-03-14,326,30,2,3,4,16,4,9,2026-03-09 14:12:00,2026-03-09 15:12:00,2026-03-12 08:12:00,16.867349,74.736734,Complainant reported an unauthorized gathering causing disturbance.
294,400120086202200001,202200001,2022-05-26,943,86,3,3,5,19,1,24,2022-05-25 15:38:00,2022-05-26 07:38:00,2022-05-26 18:38:00,17.043245,77.049335,Complainant reported the use of forged documents by the accused.
295,300230175202600001,202600001,2026-03-25,1915,175,2,1,1,2,3,45,2026-03-20 17:02:00,2026-03-21 03:02:00,2026-03-23 22:02:00,11.945027,76.552661,Complainant alleges the accused attacked the victim with intent to kill.
296,400210157202200001,202200001,2022-12-06,1714,157,3,2,1,3,1,41,2022-12-02 06:44:00,2022-12-03 17:44:00,2022-12-06 17:44:00,15.804988,78.095354,Complainant reported a physical assault resulting in serious injury.
297,800150111202200001,202200001,2022-04-18,1223,111,4,1,2,7,4,29,2022-04-11 21:31:00,2022-04-13 14:31:00,2022-04-16 06:31:00,12.122439,77.035454,Complainant reported that the premises were broken into and valuables removed.
298,300020017202300001,202300001,2023-01-21,193,17,2,1,2,6,3,3,2023-01-16 12:21:00,2023-01-17 22:21:00,2023-01-20 12:21:00,13.540136,77.231301,Complainant reported the theft of personal property from the premises.
299,300300236202600001,202600001,2026-02-26,2639,236,2,2,3,14,5,59,2026-02-22 17:45:00,2026-02-24 00:45:00,2026-02-25 01:45:00,17.570634,77.885345,Complainant reported being repeatedly followed and harassed by the accused.
300,400040027202200001,202200001,2022-12-30,297,27,3,1,4,15,5,7,2022-12-28 09:45:00,2022-12-28 22:45:00,2022-12-30 22:45:00,12.094303,76.525567,Complainant reported a violent disturbance involving a group at the location.
