CSID,CaseMasterID,csdate,cstype,PolicePersonID
1,2,2025-12-20 00:00:00,A,1751
2,5,2026-06-28 00:00:00,A,1340
3,6,2023-05-28 00:00:00,A,1237
4,7,2026-01-05 00:00:00,A,2663
5,8,2025-07-06 00:00:00,B,1724
6,10,2023-05-26 00:00:00,A,694
7,11,2024-11-18 00:00:00,A,723
8,13,2023-12-16 00:00:00,A,307
9,14,2023-03-10 00:00:00,A,2522
10,16,2025-06-23 00:00:00,A,1061
11,17,2024-07-16 00:00:00,A,231
12,18,2026-02-11 00:00:00,C,225
13,19,2024-07-24 00:00:00,A,2531
14,20,2025-08-14 00:00:00,A,976
15,21,2025-06-22 00:00:00,A,2471
16,23,2025-08-13 00:00:00,A,389
17,25,2023-09-19 00:00:00,A,1232
18,28,2026-06-28 00:00:00,C,2021
19,29,2025-11-09 00:00:00,C,2122
20,30,2023-11-27 00:00:00,A,860
21,32,2022-12-19 00:00:00,C,560
22,35,2026-06-28 00:00:00,A,77
23,36,2026-05-24 00:00:00,A,22
24,37,2024-03-08 00:00:00,A,1252
25,38,2026-04-01 00:00:00,A,1834
26,42,2026-06-28 00:00:00,A,569
27,43,2024-08-09 00:00:00,A,1688
28,44,2026-06-22 00:00:00,A,2390
29,45,2022-11-15 00:00:00,A,1866
30,46,2025-05-31 00:00:00,A,1560
31,47,2023-08-02 00:00:00,A,1736
32,49,2025-05-08 00:00:00,B,2387
33,54,2025-08-15 00:00:00,B,76
34,55,2024-07-11 00:00:00,A,1314
35,56,2022-05-28 00:00:00,A,682
36,57,2023-05-25 00:00:00,A,219
37,61,2022-10-22 00:00:00,A,42
38,64,2025-04-08 00:00:00,B,661
39,65,2026-06-13 00:00:00,A,211
40,69,2025-06-26 00:00:00,B,1081
41,70,2026-06-17 00:00:00,A,439
42,72,2025-05-06 00:00:00,A,695
43,75,2025-09-28 00:00:00,A,1690
44,77,2023-11-23 00:00:00,A,566
45,78,2024-09-23 00:00:00,A,425
46,79,2024-11-05 00:00:00,A,2295
47,80,2025-10-15 00:00:00,A,1552
48,81,2023-06-30 00:00:00,B,2441
49,83,2023-12-15 00:00:00,A,1709
50,84,2023-09-06 00:00:00,B,224
51,87,2025-05-26 00:00:00,B,956
52,90,2026-05-29 00:00:00,A,1265
53,91,2025-08-27 00:00:00,A,98
54,96,2023-09-08 00:00:00,A,631
55,97,2025-09-29 00:00:00,A,1601
56,99,2023-12-09 00:00:00,A,1188
57,101,2024-01-16 00:00:00,A,1303
58,104,2023-05-03 00:00:00,A,384
59,105,2025-07-02 00:00:00,A,1044
60,106,2025-08-05 00:00:00,A,1039
61,109,2026-05-22 00:00:00,A,2452
62,110,2023-03-01 00:00:00,A,631
63,111,2023-09-13 00:00:00,B,264
64,114,2024-12-31 00:00:00,A,1241
65,115,2026-04-09 00:00:00,A,1621
66,116,2024-03-22 00:00:00,B,964
67,117,2026-03-26 00:00:00,A,225
68,119,2025-03-17 00:00:00,A,312
69,120,2026-06-28 00:00:00,A,2564
70,121,2023-01-07 00:00:00,A,1246
71,124,2023-03-10 00:00:00,A,1405
72,125,2024-01-06 00:00:00,A,2190
73,127,2022-05-02 00:00:00,A,34
74,128,2025-10-11 00:00:00,A,335
75,129,2024-02-10 00:00:00,A,2448
76,131,2023-02-02 00:00:00,A,407
77,132,2024-07-26 00:00:00,C,88
78,133,2024-04-30 00:00:00,A,1688
79,137,2026-05-31 00:00:00,B,2337
80,138,2023-12-17 00:00:00,A,1527
81,139,2024-01-23 00:00:00,B,1755
82,140,2023-11-24 00:00:00,A,1556
83,143,2023-11-07 00:00:00,A,655
84,144,2022-11-19 00:00:00,A,1036
85,145,2026-04-27 00:00:00,B,1939
86,146,2025-09-17 00:00:00,A,2079
87,147,2025-11-07 00:00:00,B,159
88,148,2024-02-14 00:00:00,A,438
89,149,2025-06-16 00:00:00,A,59
90,151,2026-03-31 00:00:00,A,617
91,152,2025-05-01 00:00:00,B,1469
92,156,2023-01-03 00:00:00,A,678
93,157,2025-03-25 00:00:00,B,1502
94,158,2024-10-03 00:00:00,B,1530
95,159,2026-06-28 00:00:00,A,1055
96,160,2026-04-04 00:00:00,A,955
97,162,2022-11-03 00:00:00,A,666
98,163,2024-02-29 00:00:00,A,2356
99,164,2023-07-05 00:00:00,B,521
100,165,2025-07-12 00:00:00,A,1893
101,167,2023-03-13 00:00:00,A,547
102,168,2025-09-02 00:00:00,A,1802
103,169,2024-05-23 00:00:00,A,509
104,170,2023-03-07 00:00:00,A,351
105,174,2023-07-01 00:00:00,C,725
106,178,2026-06-28 00:00:00,A,1377
107,179,2022-02-26 00:00:00,A,1587
108,180,2023-09-20 00:00:00,A,610
109,182,2026-06-28 00:00:00,B,806
110,184,2024-06-12 00:00:00,A,612
111,187,2024-02-13 00:00:00,A,906
112,188,2025-04-18 00:00:00,A,190
113,189,2023-09-26 00:00:00,A,583
114,190,2024-05-11 00:00:00,A,661
115,194,2025-08-22 00:00:00,B,2643
116,195,2026-05-18 00:00:00,B,675
117,198,2023-06-23 00:00:00,A,1366
118,200,2026-02-19 00:00:00,A,2273
119,202,2023-07-19 00:00:00,A,52
120,203,2026-06-28 00:00:00,B,1178
121,205,2024-09-21 00:00:00,A,1812
122,210,2025-03-16 00:00:00,B,1086
123,211,2024-07-08 00:00:00,A,1600
124,213,2023-10-02 00:00:00,B,866
125,214,2025-01-18 00:00:00,A,903
126,215,2026-06-28 00:00:00,B,1597
127,216,2023-10-28 00:00:00,C,2493
128,219,2025-01-14 00:00:00,A,441
129,221,2022-08-17 00:00:00,A,2247
130,224,2026-01-26 00:00:00,A,636
131,225,2026-06-28 00:00:00,A,2113
132,227,2023-08-29 00:00:00,A,2404
133,228,2022-06-07 00:00:00,A,2552
134,229,2026-06-28 00:00:00,A,2027
135,230,2024-04-28 00:00:00,A,183
136,231,2026-06-28 00:00:00,A,1423
137,232,2023-11-27 00:00:00,A,896
138,233,2024-05-11 00:00:00,A,2683
139,235,2024-04-21 00:00:00,A,710
140,236,2026-06-28 00:00:00,A,680
141,239,2023-08-02 00:00:00,A,1942
142,240,2024-06-16 00:00:00,A,2326
143,242,2025-05-04 00:00:00,A,347
144,244,2025-09-03 00:00:00,A,1456
145,249,2025-08-12 00:00:00,A,2154
146,252,2025-04-17 00:00:00,A,1067
147,254,2023-09-12 00:00:00,C,2108
148,256,2023-02-21 00:00:00,A,56
149,258,2026-05-09 00:00:00,A,906
150,259,2026-01-28 00:00:00,A,1758
151,261,2026-06-28 00:00:00,A,1381
152,262,2026-06-28 00:00:00,B,571
153,263,2022-12-15 00:00:00,A,867
154,264,2023-09-04 00:00:00,C,2217
155,270,2024-11-15 00:00:00,B,2686
156,271,2026-03-08 00:00:00,A,2156
157,273,2025-08-23 00:00:00,C,227
158,274,2025-05-21 00:00:00,A,1627
159,275,2023-12-19 00:00:00,A,1212
160,276,2026-02-13 00:00:00,A,153
161,277,2025-01-27 00:00:00,A,694
162,282,2026-06-28 00:00:00,B,1235
163,283,2026-06-28 00:00:00,A,2615
164,285,2023-01-24 00:00:00,C,994
165,286,2025-11-16 00:00:00,C,229
166,289,2024-11-07 00:00:00,B,2607
167,290,2025-10-23 00:00:00,A,875
168,291,2025-06-10 00:00:00,C,2681
169,293,2026-05-05 00:00:00,B,326
170,294,2022-09-07 00:00:00,B,943
171,296,2023-02-13 00:00:00,A,1714
172,299,2026-05-10 00:00:00,A,2639
173,300,2023-04-02 00:00:00,A,297
